id,name,email,gender,status
64,Dilipkumar,dilip2211,male,inactive
2025,Random Ramakrishna Edited,random.ramakrishna@15ce.com,male,active
2285,hello,hello@test.it,male,active
2292,testitesttest,testttt@test.com,male,active
2300,Renuka,renuka@maveric.com,female,active
2665,Hiranya Embrantdiri,emb2anthedreiri_hiranya@shields.net,female,active
2668,Hiranya Embrantdiri,emb2xqanthedreiri_hiranya@shields.net,female,active
2669,Hiranya Embrantdiri,emb2xwqanthedreiri_hiranya@shields.net,female,active
2670,Hiranya Embrantdiri,emsb2xwqanthedreiri_hiranya@shields.net,female,active
2743,Testing API by Cypress12,20kLIPl@gmail.com,female,active
2824,Bems ID,CvKEhHYYWB@noemail.com,male,active
2828,Mohammad Islam,tom16m9fgcntss@gmail.com,male,active
2831,Bems ID,zxxsEBDMJY@noemail.com,male,active
2840,Bems ID,DlJDgyFcAG@noemail.com,male,active
3191,Ericksen 5000 Santos,erick+50000@gmail.com,male,active
3551,Mohammad Islam,tomwevp2r82lsg@gmail.com,male,active
3559,Alexxx12345 Smith,alexxx12345_smith@gmail.com,female,active
3576,MoureDev,mouredev@test.com,male,active
3792,Cynthia,rueben.becker@hotmail.com,female,active
3794,Barnab√©,jacquie.block@gmail.com,male,active
